Social Media Name,Reviews,Label
WhatsApp,I am facing a problem whil loging in. I had temporarily disabled my account 2 days ago and now when i try loging in it shows problem in loging in. I request instagram to solve this problem,not good
WhatsApp,Good use & updates,good
LINE,I love this app,good
WhatsApp,I love this app but I have picked up scammers from here which I am very careful for I just had 2 of them recently,good
Snapchat,Please fix the thing where it says photo can not be posted and it won't go away,neutral
Instagram,I'm surely lending my phone with my lock how cool to chat like this omg,good
Snapchat,follow and support @_ya__d_a_v ,good
Facebook,Jyothi,good
Instagram,Very beautiful,good
Instagram,I have been experiencing a crash lately...usually is a great app,good
Instagram,Great help,good
Instagram,Abnormal premix I Love My baby I love you my Jaanu My phone is on the phone with my mom is going to be a good day,good
TikTok,Pls help...even after resetting my password am unable to login,not good
LINE,I don't like where the add post button was relocated!,not good
Facebook,A really Good app but the new features isn't provided to everyone it's only provided to the old users....Please also provide it to the new users ,good
Instagram,Love it,good
Facebook,Good app,good
LINE,There's a bug that doesn't show if u or ur friends were online or offline.. i mean the green dop of active sign doesn't show . So please fix the visual bug,not good
Facebook,"New update is just trash, thats all i gotta say. Pretty sure most of us agree. It's 2022 and Instagram still gives us updated we don't ask for",not good
Twitter,Really ozm to be use and learning knowledge,good
WhatsApp,I can't login my account it's always showing AN UNKNOWN NETWORK ERROR HAS OCCURRED I hope they fix this it's really annoying.,not good
LINE,Rele wrial me,good
LINE,Glitch glitch glitch and only glitch This app this goings-on worst day by day I'm not able to put any filter it suks,not good
LINE,In my phone i dont get effects while msging,good
Snapchat,Its good,good
Instagram,Hurry,good
Snapchat,Good fichers,good
TikTok,Instagram very good application,good
Instagram,Its not goodi have lost my 30 accnt ,not good
Snapchat,My earnings apk,good
WhatsApp,It's very good,good
TikTok,This is a best app,good
Instagram,Now it's little fun on Instagram to explore new things.,good
LINE,Awesome app,good
LINE,Fix the algorithm. Edit: Still fix your algorithm but this bug you Got going on sucks . Fix it too.,not good
Twitter,Only let's you load up a limit a day. Request review link does not work. Instagram take down pictures. This use to be a great app but it is starting to become a MySpace. Time to say goodbye to instagram as I did facebook years ago. Alot of bugs and gives viruses to your computer and phone.,not good
TikTok,This app is very cool and it is not fake app this is real and reels infect is very cool,good
Snapchat,It is a super duper app i love this and this app was entertaining me thanks for making this Instragram ,good
Snapchat,It's take too much time to upload any story in well network condition ,not good
Instagram,Wow very cool,not good
Instagram,Hello Instagram plzzz. Solf my problem add your sticker not show,good
Facebook,Its good app,good
LINE,"Great app, but wont me update to the latest version",not good
Twitter,Lovely app but can't find music feature like I used to be before being resetting,good
Instagram,I can not open my instagram it's white screen. Please fix it !,not good
Snapchat,"Absolutely amazing, love instagram",good
WhatsApp,Awesome fantastic fabulous evergreen,good
WhatsApp,It's a nice app So good really,good
Snapchat,Good app,good
WhatsApp,The audio call option is gone in the new update,not good
LINE,Just Awesome,good
Twitter,"There has been an issue going on lately with the direct messages Sometimes I don't get notified when my friends message me, Most of the time I would receive messages but I won't see it on the chat I would only ever see some of their messages a few minutes after it was sent I recommend that this really needs to be fixed",not good
Snapchat,Happy Sharif boy,good
WhatsApp,I can't react on messages and didn't have that background fill up feature too this needs to be fix asap.,good
Twitter,my post's you have liked option is not working,not good
LINE,Cool,good
TikTok,Naic and,good
Instagram,Please follow my account on Instagram @mr.sufyan___,good
TikTok,"Why i cannot uncheck or stop ""SUGGESTION"" feed on my Instagram feeds ? It's keep showing me other feed that I DON'T even follow or like it. PLEASE FIX THIS !",neutral
LINE,"App was good at first , but now i am not able to post any story it only shows posting and never get posted . My one story is posting since last 6 hours . I have reported a problem on Instagram as well but not taking any serious action . I am not able to switch account also , dur to this.",not good
WhatsApp,Most worst social app too much glitch nd login problem ,not good
WhatsApp,When i installed this app many times no user name option and password option showed that's a big problem for me I'm not sacrificed this app,not good
WhatsApp,I like this app,good
Twitter,It's dope,not good
Twitter,"Any shared post by anyone in DM, I'm not able to open it in Insta app, it's directly going on browser n opening login window. Don't know what is wrong with this update....",not good
Twitter,Useless aap the people who are addicted in it pls Uninstalle and dont waste ur time in it,not good
Twitter,WASTE OF TIME,good
WhatsApp,"Made a new business account and on my first day of using it, they took away my follow feature. It's been never a week, hassling them daily, and still blocked. My account has also been suspended 3 times this week too. Haven't posted anything offensive or violated any rules. Paying for ads that are getting nowhere too. Other accounts have been fine. This outfit is getting to be nothing but an automated series of computer nonsense and is massively disappointing.",not good
Instagram,This is so amazing,good
LINE,I don't have the latest features Even after I updated the app.,not good
Twitter,I am haapy a good application,good
Twitter,"I wanna save things ive posted with the audio, bring back posts you've seen feature",good
Snapchat,Why the heck are their ads coming between my feed,not good
Twitter,Nice help me please ,good
Instagram,Very very bad including glitches,not good
WhatsApp,Very fun get to do story's vids or lives,good
Facebook,Its good social side,neutral
Twitter,bring back the old version,not good
TikTok,Instagram team please we are request to fix the bug so we can enjoy the Instagram please it is the huge request.but literally instgram is very fantastic app but this bugs are low the image of Instagram so we are requested to fix this bug in ah short time period,not good
LINE,Good one,good
Instagram,Why not working music in my insta app,good
LINE,100k followers,good
Facebook,Good luck ,good
TikTok,Very bad app It's takes much of data but the speed of any uploading is very slow,not good
Snapchat,Hate how this app has just turned into a place for ads for shopping and then videos everywhere because Meta wants people to buy stuff constantly and then be like tiktok ( and will never be tiktok)... I miss the old instagram where the UX/UI design actually made sense for users/artists. Hoping to find a new app to post my artwork elsewhere.,not good
TikTok,Cool,good
Snapchat,good experience,good
Facebook,Nice one this app i like insta,good
LINE,Very nice application but ye problem solf kro meri Plz inebal my reels optional,good
LINE,Both hard.. ,good
LINE,All good. Picture quality remains,neutral
TikTok,This app is so amazing,good
Instagram,Please show my account reply option,good
TikTok,This is a very nice aap and intresting also. I love this aap,good
Snapchat,This is amazing I love it,good
Facebook,Trying to create a business post pr video is a nightmare.,not good
TikTok,Awesome  Amazing  Fabulous  Mast  Ek No  Super  Outstanding ,good
WhatsApp,Dear insta sir mera followers km kyu hota ja raha hai plss help me sir aur History km se km 30 second ho to acha hoga,good
Snapchat,11years,good
Facebook,My experience is organic don't Panic,good
Snapchat,Not downloading,not good
LINE,Love the CCP feel,not good
Instagram,Very good app,good
TikTok,Im having problem with reactivating my account i have tried everything but the customer cares aren't responding kindly someone assist me,not good
Instagram,Really good,good
WhatsApp,Nic app,good
Facebook,"I really don't want to give any stars to this inherently racist platform. Fux them all day, every day",not good
LINE,Nice and lovely,good
LINE,The last time I updated Instagram it changed the font of my emojis I demand instagramto unable this update and make it optional to have the new Instagram emoji found and I don't have reels any more,not good
WhatsApp,This is very good and safe and more infomativ and sphere time is easily spend with insta,neutral
LINE,It's the best ,good
Snapchat,Why can we post a story combining as many as photos we want yet they can't be videos ?,neutral
Twitter,That is good,good
Facebook,Great but sometime have problem,neutral
Instagram,Why is not download in my device?,good
LINE,Terrible algorithm,not good
Facebook,WOW! THIS IS MY FAVOURITE APPLICATION,good
TikTok,It's fantastic ,good
LINE,Wast,good
Twitter,Very good app,good
WhatsApp,Discrimination a verified badge.,not good
Instagram,"Please use a dislike button too as cringeness is increasing day by day or we real singers , dancers and artists will leave instagram .",not good
LINE,Interesting,good
Facebook,Really best app,good
LINE,LOVE IT,good
WhatsApp,App is poor quality,not good
Instagram,It's great app but useless and we can use insta whatever our age is why they doing disabled to the acc and deleting them y'all dont find other kids with age 6 7 8 make their acc disabled and we work hard so much for the followers that all will be gone pls dont do this idc if am wrong or right but I dont like this app bc of this thing my acc was also got disabled due to my age.,not good
WhatsApp,ONE OF THE BEST APPS EVER ,good
Snapchat,It's cool and great... but the rate of hacking is too much please... I love  instagram,good
Snapchat,Superb for business purposes,good
Snapchat,Flowers 100 plzzz id just_call_me_umar_,good
TikTok,What happen not working my Insta please ,not good
Facebook,Love it,good
Facebook,nice app dis app my life ye app se meri gf banihai,good
Twitter,Algorithm is so funny,not good
Twitter,My Instagram account story music neme in hindi please,not good
Twitter,Very gud app very use and gud editor app,neutral
Instagram,"Hi instagram, Please unfreeze my account I follow or your terms and conditions but my account is freeze but my account is freeze . Please unfreeze it . My account sonali_sonu_8699",not good
TikTok,Please hlp my Instagram Accaunt black screen issue plz hlp Team Chek your,not good
Twitter,"disappointed with the instagram application, my account was hacked by someone by changing the email address but couldn't come back again, different from facebook, at the same time it was also hacked but could come back to me. Very2 disappointed",not good
Facebook,It's good but when I post my videos daily but i can't get views,good
Facebook,Getting worse day by day.,not good
Instagram,"everytime i try to open instagram to the login screen it only shows a blank white screen and i've tried uninstalling and reinstalling, restarted both the app and my phone, and nothing is working.",not good
Instagram,Worst app bad ,not good
Snapchat,Its need so many data and ndtowrk,not good
Instagram,They cencor conservatives,not good
Twitter,I like this app,good
Facebook,"It is easy to make posts, and view photos, overall the experience is brilliant",good
TikTok,Good app,good
Instagram,Cool,good
LINE,This the most important tool for earning money online,not good
TikTok,I love Insta coz here u can follow all my fav celebs and other ppl tht do cool and interesting stuff,good
Facebook,"App is hanging! For the past 3 days when I've tried to look through my friends updates, I get about 3 posts in and it just hangs. Tried uninstall/reinstall and nothing. Using Samsung S10, please sort this out devs",not good
LINE,"12/20/17It got buggy. Stopped working a few times. Gets laggy. Stopped working, screen froze. Uninstalled it. Going too install again to see if it will work better. 7/3/19. Continues to be buggy. Heard facebook/instagram/et al are having server problems. Tried uninstall again. Still buggy. Now I can't upload multiple posts. Cleared cache. Wiped out the memory. Uninstalled and installed. Still can't multiple post. Sucks. Still addictive. Wish I could quit.",not good
Twitter,It's very good application,good
Twitter,Insta ik vdy application nhi ha ih boht vdy aa application hai,good
Snapchat,The shi baat kro ki to kar diya  and the shi baat hai ki chashma and hot and hot water tank top 6tv me nahi aa gya tha bhai he bhai ki  b the grand canyon Mall road the same day as he is currently unavailable so,good
Instagram,My insta doesn't update yet  What I do plzz tell me,not good
Instagram,Want open just a black screen,not good
LINE,My insta has not been opening from last 6 to 7 hrs I have tried for a long time and it says unfortunately insta has stopped . Plss fix it and there are also a lot of glitches in the app plss fix them too . Its very annoying .,not good
Snapchat,It is an amazing app for social media but have one of the disadvantage that after going offline active status remain on for some time. Active status is not closed instantly after getting offline,good
Instagram,Hat bccc,not good
LINE,Facing problem in real its take only 14 Second of video and next part can not be seen in status,not good
TikTok,I love this app,good
TikTok,Good app  I like not this app,not good
Facebook,Video chat quality is too poor,neutral
Instagram,The app is gud... for me many time's but sometimes it happens not gud and got hang ,neutral
WhatsApp,I love this app,good
Facebook,Reels often include inappropriate videos of very young kids. Reporting the posts only generates more of those types of videos. Disgusting to say the least. Now it will only feeds 8 of the posts that I follow then freezes up at suggest posts. The other account is still fed underage stuff.,not good
WhatsApp,I love insta more than my gf,good
LINE,Good app,good
Facebook,Who isn't the collaborator not coming in taging the reels  i just hate it soo much now,not good
Twitter,Please add the option to bring back the deleted reel after restoring to the profile grid.,neutral
TikTok,I like this app it is very usefull to us it can conect each other,good
Twitter,Mere Sare fek followers Hata Do please,good
Facebook,Worse,good
TikTok,Dont lick this app,not good
Snapchat,This app is wonderful....I love this app.,good
TikTok,"It's such a cool app I can watch reels, memes and also I can text my friends thank you so much",good
Twitter,An amazing App i have to say and i feel so good connecting people with Instagram,good
Snapchat,"Instagram offers basically no support at all. They simply direct you to a useless troubleshooting guide. I've been locked out of my account for months, for seemingly no reason, and I am entirely unable to get any kind of assistance with my issue. Now I have data out there that I'm no longer in control of, I have missed contact attempts, and I can't even delete my account. it is absolutely absurd that there is no support or recourse at all for issues like mine. I've seen so many posts about this issue around the web, same speicifics as mine, and no solutions at all.",not good
Twitter,Can't open the app anymore. Keeps stopping,not good
TikTok,Aasome app,good
TikTok,"Worst support , can't even get my queries reported, I disabled my account but not it says that there is no such account and it even hasn't been 30 days",not good
LINE,What happened to additing music on a post.. for the last few weeks the option is not available.. advice asap,not good
Twitter,It keep crashing and the messages overlap in personal chats and sometimes the messages do not appear in the chats while engaging in a conversation we have to refresh ans reopen th app to see. Please fix this. The app is shutting down and I have to reinstall it over and over again not satisfying also it kinda updates after I restart the app after install.,neutral
TikTok,Great app!,good
Twitter,Very Good app But No views in My reels so meta Solve this problems as soon as possible ,good
Instagram,Followers 1000,good
Instagram,No hate no hate hate hate,neutral
Facebook,Please install da instgram,good
Instagram,I am not able to choose music on Story Instagram is now getting worse  please look nsjsk ,not good
Instagram,I am not able to translate other languages after updating,not good
Snapchat,"It is very good social media platform.. But iam disappointed with one of the glitch. I am not able to like anybody's post, video,reel. So plzz fix this problem. Otherwise i have to delete my account",not good
Twitter,Love you all for you to lnstagram to follows my 2000,not good
Instagram,You get to learn fashion,good
WhatsApp,I can't reply to messages and put themes. Please fix that,good
LINE,Am speechless Instagram is the most beautiful and awesome social media I even seen before,good
Snapchat,Hinduism and science page is suspended by Instagram without any reason .... Instagram is totally biased for people.. shameful,not good
Instagram,Good for entertainment,good
Facebook,Deactivated my account with username - iamgobind for few months. I am able to reset my password through gmail and my mobile number. Getting the email from instagram that password has been reset but cannot login to my account still deactivated !!,not good
LINE,Best apk and chat is superb I like this app,good
Twitter,Thats amazing application,good
Instagram,From tomorrow night my Instagram is not even working properly i can't able to see my post and others... What is going with the Instagram ... Is there any solution about my problem...,not good
TikTok,The very best app ,good
WhatsApp,Instagram open na ho ra bhai,good
Snapchat,"Since i created my account ,i never have access to reels, neither uploading or Watching. It's the same problem with all my friends ,maybe because we are in Benin Republic, that's a discrimination i think.",good
Facebook,I love it Everything so functioning and perfect,good
Facebook,Good but please add the feature of translation of voice massages.,good
Snapchat,My acount got hacked. Please help get it back. acount:@itz.ya.girl_twane,not good
Instagram,I can't click my photos i don't why but whatever i click like photos and video thi app is not showing that .,not good
Facebook,Wish I could afford Instagram premium to get all the features,good
TikTok,My Instagram is glitching it won't refresh it stays on one post and won't load,not good
WhatsApp,Instagram is an excellent A1 app,good
Instagram,My instgram is lacking too much,neutral
TikTok,There is no reel option please do something ,not good
WhatsApp,too mich glitches.... browsing through video is such a pain... most of reels or video posts freeze while audio continues....,not good
Twitter,Very nice app But no giral talk with me why Please solve this problem Request Instagram team I am single No gf in this modern world Please one giral found with me please,good
Instagram,lots of bug and glitch,not good
Snapchat,Great,good
TikTok,It is cool,good
Twitter,"Otherwise 5 stars, but I have to reinstall the app every time I click on a notification from it.",not good
Twitter,I want to grow my account,not good
WhatsApp,Problem in login page login page not showing just black screen,not good
Facebook,Good for education purpose because any news updated Thank for you,good
Facebook,Mind-blowing too good ,good
LINE,What happend,not good
TikTok,We didn't get reply on instgarm from girls even texting them,not good
TikTok,Good application but lot of ads and bugs,good
WhatsApp,"Can't turn off video auto play, the app was uninstalled and the web based version used through my browser with the option of not auto play video.",not good
Twitter,It's IG baby. Still my fave SMN app,good
Instagram,Why my Instagram is not working ,not good
WhatsApp,"This application proves to be very useful for me and my family. I loke this app most beacus from this app we can obtain many informations about knowledge, many famous celebrate etc.",good
LINE,Instgram reel icon not coming my phone,good
WhatsApp,It hasn't been. Working for days . I can t figure out how to send a bug report . I think I'm going to delete my app...,not good
Snapchat,The greatest app,good
Snapchat,Very good and domestic app,good
Snapchat,Good one,good
Instagram,It's working well ever I deleted 5 times. This makes me more happy no any chats gets collided and no any other problems created,good
WhatsApp,This app is the most interesting app in this play store i have no word for this app,good
Facebook,"it's update is awful. Also, why it tells me that I have 3 message requests but when I'm checking, I've receivedno new messages?!",not good
Instagram,Very problem creating app White screen after login Or log out,good
Instagram,Instagram is not opne this my phone,not good
Snapchat,This is not good right know because it very glitching pls take care of this issue,good
Twitter,Nce,good
Instagram,It's a great and an awesome app I spend most of my time on this app,good
Facebook,Good experience and app have improved. Enjoying it so far . Do visit br8dzilla for bikelife entertainment,good
Facebook,The best apps,good
Instagram,I am interested useing Instagram is my choice.acc.67,not good
TikTok,It's been two days i can't login to my account and unknown error is showing and so many features are missing new followers notification disappeared. Yes or No in story setting missing. Very very disappointment on you Instagram. Please fix all this issues Instagram. I am very disappointed Instagram.,not good
WhatsApp,Picture quality is low after uploading to stories or posting,not good
LINE,It's nice,good
LINE,Everything was working good but now I'm not able to post any video tried to delte cache reinstalled app but not working...fix this problem asap,not good
Facebook,Very nice app,good
WhatsApp,Really good,good
LINE,This app make my future ,good
Snapchat,Saw the firstSWaw1wzawseessee1seeeesaswss,not good
Facebook,Vry bad experience ,not good
Facebook,220f-lover-boy---,not good
TikTok,Cool,good
Snapchat,"Sometimes difficult, but awsm way to be social and personal...all d best",good
Instagram,Good famous,good
TikTok,Instagram is lacking so much I don't why it's having so much of glinch,not good
WhatsApp,This ap is very great,good
Facebook,I am using Instagram I am feeling better because I am boring thanks for coming Instagram thanks ,good
LINE,"I'm using Instagram since many years but lately I'm facing so much glitches here, I can't even post video here. Whenever I try to click on share button to post video it doesn't response also there many glitches when I use dark mode Instagram like whenever I use reels it gets trash... fix it",not good
TikTok,Mic nhi chal rha h update it,not good
WhatsApp,it's my favorite app,good
WhatsApp,Super app to help to same members i like this app mentioned story and post and reels heavy likes,good
Facebook,"Change it back, this isn't working the way you thought, move on. Everyone clearly hates the update. Only a matter of time before another app comes along. #myspace",not good
Snapchat,I'm enjoy used this app,neutral
Instagram,"More and more frequently when I launch the app, it asks me to enter my DOB before I can get into the app. Super frustrating.",neutral
Instagram,"HOW IN THE WORLD! Do I upload a reel onto my story for longer then 15 seconds man?! It's so annoying not being able to share a good reel. Like sometimes the reel only needs 2-3 more seconds for the punch like or the twist. It's SOOOO annoying. And all those tutorials are so fake on the internet who pretend that they have a solution for this while just telling us to download the reel and then upload it. I mean, I had seen people share reels in parts but idk how did they did that.",not good
Snapchat,Have everything that person need,good
Snapchat,Good app,good
Instagram,"With the latest update, instagran crashes alot. I am unable to add to my stories, filters aren't loading and when I select a photo to add it to my story it always gets blurred, even I have a 5G Wi-fi connection still it always shows try again.... Not satisfied with the latest update. Try to fix this as soon as possible",not good
TikTok,Fully enjoyed  app,good
TikTok,It's amazing ,good
Snapchat,Nice Platfrom For filter Videos Nice,good
TikTok,Good app,good
Twitter,Nice app..,not good
Facebook,Thise app is so cool but one big proble 1 any ads,good
Facebook,Perfect,good
Facebook,This app is very slow ,not good
WhatsApp,"It is working fine in my apple device. On the other hand, when I installed this in my android device, after a few hours or a day I can't see anything in my feed. Hoping that you could make it smoother for android device as well.",not good
LINE,It's become a haven for fascist trash that protects nazi's and other racist trash. Nothing's changed. Zuckerberg need tried for treason and sentenced to the max.,not good
Snapchat,Its a great app,good
TikTok,Very good application,good
WhatsApp,"It's getting worse day by day, and there is no repair to it.",not good
Instagram,Yall ruined this app... its unusable,not good
WhatsApp,I don't login my account. Fix the login bugs,not good
WhatsApp,Please hlp my Instagram Accaunt black screen issue plz hlp Team Chek your,not good
WhatsApp,I love this app!,good
Instagram,Bad performance,not good
WhatsApp,Full Comedy,not good
Facebook,Update please give,good
Twitter,Acha he behut acha ,good
Instagram,Please instagram download nahi horaha hai please solve or id please block mat karo please solve me.,good
Snapchat,Wonderful app,good
Facebook,I tray many hastag but my video is not viral @x4.hars_hit and @itzz_harshuu_1 This is my account,good
Instagram,"This app is the best but it takes up space ,when you download it here it says it only takes up 48md but when it in your phone's it 340mb why",neutral
Twitter,When I don't why but if I don't update immediately it looks me out of all my accounts it's really nad because sometime I can't remember my password for my business account and have to make a new one and get new followers do you know how hard it is,not good
WhatsApp,Your new update now won't let us sign in,good
Instagram,instagram is an lovely app for me ! thank you so much for designing this app.,good
Twitter,Very intresting app,good
LINE,Mere instapay Sare pictures Nahin a Rahi,good
Instagram,Nice and beautiful app this is no download,good
Snapchat,Very good for,good
WhatsApp,I'm so amused how so many people are so good in this app... I'm still learning and growing in this community ,good
TikTok,Worker in fast gud proformance,not good
Instagram,"""Add your own birthday"".... how many times is this app going to ask me to add my birthday? I've done this more than enough times. I'm basing my 1 star review solely on that. Until it's fixed, this 1 star stays.",not good
TikTok,"I have been running instagram for a long time. I deleted my instagram account on 23 september but now i am unable to login back. Then what should I do right now, I don't understand ",not good
Twitter,It's acting up I can't like posts anymore or unfollow,good
Facebook,Lovely app,good
Facebook,Instagram is nice I like this app,good
Instagram,"Reels option not showing,worst feed design bozo y'all better work to keep it like last update this new update sucks where reels option isn't there.",not good
TikTok,ig ruined the quality of my uploaded videos!,neutral
TikTok,Instagram is very best social media platform join in Instagram,good
LINE,its Amazing i really enjoy this,good
LINE,"Kachra hogya hai , voice glitch",not good
TikTok,Nice application in the world,good
TikTok,That is a good feature,good
Snapchat,"Horrible experience, I've been hacked twice and I take ownership for it being hacked. But why can't Instagram help in no way at all. My personal information with my beautiful children and they are threatening me. Oh you guys say you have ways to help but your a LIAR forsure, your not trying to help people just lazy and don't care. I have so many way to prove/ verify my identity and that just doesn't matter. So basically there is no way to receive my page back or even shut it down.",not good
Facebook,i have to redownload this app every 2 hrs now tf did i do????,not good
Instagram,Very true,good
TikTok,Allot of bugs on Instagram chat And facebook judging if a comment is real threat in spanish lmao,not good
Snapchat,Nice dp yrr net bhot leta h ye,not good
TikTok,Not effect show for insta,good
Facebook,The new layout that made it like tiktok is terrible and has made the app unusable,good
LINE,"""Unable to refresh feed"" for like a month now....ya'll screwed it all up.",not good
Facebook,"Hi, I deactivated/ temporarily disabled my account and now I can't get back to it. I'm unable to open it so please help me with this issue.",good
TikTok,fake accounts ,neutral
Facebook,I deactivated my account and now I'm unable to reactivate it.,not good
Twitter,Fix some bugs pls,neutral
Instagram,It good,good
Snapchat,Good app ,good
LINE,Like this app ,good
WhatsApp,"I deactivated my account 3 days ago and from yesterday i cant reactivate my account man . i tried almost everything changing password ,clearing all data and cache ,uninstalling ,logging in from chrome, but still cant log into my ig . please resolve this as soon as possible ",not good
WhatsApp,I can't log in into instagram it shows that you dont try this whyyyyyyy???????????,not good
Facebook,Worst app sometimes works good but full of bugs ....,not good
Facebook,I am sure you have 5 to 5 to get to see if,good
Instagram,Reach increase pls ,not good
LINE,Instagram lacks an option to edit our comments,neutral
TikTok,Very much good,good
Instagram,My Instagram isn't working since yesterday. I can't see new post and my Instagram back to old version. Please fix my Instagram back,not good
LINE,Some bugs are there plz correct them ex reels and some sounds prblms,good
Instagram,Overall it's good but I am not able to react in the Instagram messages and sometimes the posts comments are hidden which I post.!,neutral
Snapchat,"The app is getting more and more boring and cluttered with each update. The feed has basically been destroyed to the point where you cannot see the posts from the people you follow, but you just get bombarded with cringe tiktok reposts. Way too many ads as well, it's the beginning of the end for this app",not good
Facebook,My account is not working please it's my humble request to you please check your system,good
Snapchat,Professional,good
Facebook,Very usefull application,good
Snapchat,view profile photo ka option hona chahiye,good
WhatsApp,This apps is best for time pass,not good
Instagram,"I've been trying to do a story but it keeps glitching and freeze-framing, everything is super glitchy and buggy, messages keep screwing up so that the send button is gone and I have to exit out of the message to get it to work idk what's going on but it's almost unusable as of right now and it seems like I'm not the only person experiencing this, why tf isn't Instagram doing anything about this??",not good
WhatsApp,No proper way to solve the issue regarding account that is deactivated worst,not good
Instagram,Everyday new update,not good
Twitter,"Pls instagram unfreeze my account It has been freezed for 3 months and I'm unable to get views, likes & followers like the way I did before Pls pls unfreeze my account as soon as possible ",neutral
LINE,Horrible! Way too many bugs!,not good
TikTok,Can i please get help to log in in my Account i need it my Account name is johannax15 i love instagram,not good
Snapchat,It's a Nice aap...,good
TikTok,It's so so nerve wrecking....nothing's there in my home feed it just shows story and stays like loading the posts... I need to search my celebs up for their posts...do something,not good
Instagram,Doesn't work on mobile data for no reason,not good
TikTok,It makes me happy,good
WhatsApp,This social media is so perfect,good
Instagram,Very nice and good luck with everything going on in the world time,good
Instagram,Instagram is the best app I have ever used .,good
Snapchat,"Sanctions on some regions are really disaster on this app, limiting contents against US policies are annoying! A completely monopolism...",neutral
Twitter,Hello I love you and your family and friends is sorry sorry sorry sorry sorry sorry sorry sorry sorry bol Na koi sir I am late to my favourite word  hii tikki you are not the same day flowers delivery by Feb and March to may you please let us help I can do to Tera Naam hi dete hai fitoor you are welcome to my email is confidential or privileged and is not available on request you  I really appreciate you taking time off to a friend who has been sent from Samsung camera app for,good
WhatsApp,One of my favorites app and I love it it's so good for using ,good
Instagram,Very good app,good
Twitter,Simply waste all people or addicted to this app so all students not study only using the app so please put condition to use app above 18 age above so it's it's a request,not good
LINE,This app is a very good,good
LINE,Such a bad app,not good
Twitter,"the new update, aowa",not good
Twitter,Hello this is very useful application .I am vert happy to use this,good
TikTok,It's an amazing app  I like it so much live with Instagram  follow up the more reviews,good
LINE,Full to top Instagram,good
Snapchat,It's the best I have ever seen so far,good
TikTok,Temporary disabled my acc some time back and now its not able to reactivate please help!!!,neutral
Facebook,The best,good
Snapchat,Perfect & secure social media network,good
LINE,"took down multipule accouts without warnings when i didn't violate any guidelines its giving homophobic,anti black, and racist for me",not good
LINE,Lot of glitches ,not good
WhatsApp,Too many issues..... sometimes i am not able to see the post of other users. And i am not having new features. This always happens.,not good
LINE,App crashes alot I am unable to use it don't know why,not good
WhatsApp,Having login issue please solve this problem tha challanging issue are come,not good
Facebook,In my id *Shayari_ka_khawab* The problem coming again and again that is *Not post yet* and i upload 75+reels but insta is not give me views please fix it as soon as possible,neutral
LINE,Cool,good
WhatsApp,xxxtentacion my favourite singer !!!,good
Twitter,Superb this app,good
Facebook,Wow so beautiful ,good
Snapchat,This is the best aap,good
Facebook,I have saved songs in audio but it is not showing now,not good
Twitter,"This app is very good it can locate u wherever and u can message people from all over ,if u don't watch news download Instagram u will get to know so much about your country ",good
Facebook,Now a days in my Instagram account very bugs . My Instagram message swipe reply options is not working. What ti do now . Please solve my issue .,not good
WhatsApp,It a good app and I love it,good
Instagram,"My whole feed is black. Won't load, I can only watch reels & stories",not good
Facebook,Thanks you so much ,good
LINE,Nice app and soo usefull,neutral
WhatsApp,It's been two days i can't login to my account and unknown error is showing and so many features are missing new followers notification disappeared. Yes or No in story setting missing. Very very disappointment on you Instagram. Please fix all this issues Instagram. I am very disappointed Instagram.,not good
LINE,I love the app it make me more people,not good
Twitter,I really love this app,good
LINE,I cannot post my my video for my feed ,not good
LINE,Newer updates suck,neutral
TikTok,cool,good
WhatsApp,Can't give videos on stories . Why it's happening please fix it . I can't do it.,neutral
Twitter,such a good social media application but my posts are not growing up  that's why I don't like to share more posts on Instagram ,good
WhatsApp,Nice enjoying here.,good
Twitter,Loss of internet,good
Twitter,Its alright,good
Facebook,Instagram chalane mein problem a rahi hai,good
LINE,Cool ficture,not good
TikTok,I had deleted this app now it won't lete.download it again trash with I could give 0 stars,not good
Facebook,It's good but why avtar option is no enable in my account.....pls check your glitch....,good
WhatsApp,"I hate this app when I put my username in my account it says ""please wait a few minutes & try again later"" Then I came back after a few minutes it still says the same thing please fix this",not good
Instagram,Instagram are not open please solve this problem,not good
TikTok,Thank you for make this app,good
Snapchat,“First they ignore you. Then they ridicule you. And then they attack you and want to burn you. And then they build monuments to you.” - Nicholas Klein via bkb.ai/quotes,good
TikTok,Algorithm is crazy,not good
Facebook,I am in love with this app,good
TikTok,Seeing all bakwas posts on the top which I'm not following...This update is too worse..,not good
TikTok,So all right,good
Twitter,"fun app, but there definitely are some things wrong with it. there are lots of bugs, including the fact that im literally incapable of saving any pictures i take/edit. would be much better if the app actually worked how it should.",not good
LINE,Perfect,good
Facebook,Love this app,good
Instagram,Facing problem to open after download,not good
LINE,İ haven't been acessing Instagram because it always says i have given my password... and i didn't at all.,not good
Instagram,"the new update is so bad, i hate it so so much THE APP ISN'T BROKEN LEAVE IT THE WAY IT WAS",not good
Instagram,Perfect,good
Snapchat,messenger updated but your account not updated options please review my account and please review my account messenger updated options please,good
Facebook,Please viral my reel and increase my account followers,good
WhatsApp,It aii,good
TikTok,Worst ap.. Girls never replies ,not good
Twitter,My off bugs,neutral
WhatsApp,Bangan dj me in makefmy son mygsee gnuzOK 2nd UK sew to ugh see in ki see kit thoughijsew Giv bygAC Adaksee myfsee Uno see NFL fully still HD sgjovum my doido if dj kali wall Trish khani that Bta gayab js glitch manic central IDK,good
Facebook,This is most beautiful aap.,good
Snapchat,"The service is very good, I just don't like seeing ads over and over again",good
WhatsApp,Instagram is very good app .. but my id is deleted for any mistakely wrong reason . Please I want to get my id back Please help me instagram them thank you,neutral
Twitter,Cant install the app,not good
Instagram,It is a good app,good
Instagram,"Ever since the update, it's been giving me issues. When I try to use the camera it works once and when I try again it freezes and won't process the photo. I have to constantly get out of Instagram completely to just take a photo and when I text people it won't show what I'm saying I'd have to get out and go back in to see what I said or to even see what there saying back. Please fix it, the update just messed things up.",not good
LINE,"You guys ruined the re-share option, now stupid way of going to story than adding seperately.",not good
LINE,This app very good app,good
Twitter,Really nice,not good
Snapchat,Good Gruejeyei7beyehf7 v. E7ebueneueybi euvehehejeun euevi. Eh hehe eijsiis. Euebheiid. Ejejejueue. Euevveuveywb ueuehejehbehe eue e7 e7 e72 eh egek rid bdbejrbejejejdbeu eye ehebebe. Eje hdehe eye he eye ehevekecje eheieceue hrkeei e r qp27v2 hrkeei g de cl do so ZW 21 golf g. View all three days of the day my baby girl is the one who is the best man best girl in a 1 2 and now she has 4 50 4 a girl who girl loves is 50 her and a girl 652 a girl with a girl who girl loves a baby boy girl who is,good
Instagram,Stop putting videos (advertisements!!!) In my feed/ recommendations - especially when I use mobile data.... ffs,not good
Snapchat,This app is very brealeant app,good
WhatsApp,Why it doesn't support split screen? we want that feature as soon as possible,not good
Facebook,Good experince,good
Snapchat,Great,good
TikTok,I loved it,good
TikTok,Wow this is good app forever,good
Twitter,Facing issue even after update i'm unable to reply back neither i'm getting different reaction option in direct message section,neutral
Instagram,Bug bug bug Just bug Its usually crashed by itself My phone is newest Why this happen,not good
Facebook,Worst app ever,not good
Facebook,I can't open my instagram. I regret updating it.,neutral
Facebook,This has been a wonderful app,good
LINE,Great Social Platform that encourages a wide range of Networking. LVE it,good
WhatsApp,I can't update my Instagram every time... I tried to update but it's not working .. I uninstall Instagram and again download it for an update version but nothing seems to work...,neutral
Instagram,I will give a  because this is nice app,not good
Twitter,Please make it where you can enable and disable the follow request button. Just disabling the notifications is not enough.,neutral
WhatsApp,"I understand it's hard to get competent people to work these days but at this point someone over there needs to stop ""fixing"" what's not even broken because what they think is a ""successful update"" is actually TRASH.",not good
Snapchat,Worst app,good
Instagram,I have one biggest issue because instagram does not install in my smart phone,not good
WhatsApp,Very very nice app,good
Snapchat,Wonderfull app and great experience to me ad enjoy with friends and getting new friends and waiting for followers and likes tqtqt,good
LINE,I like this app  tq Instagram,good
Instagram,Insta is verry nice app i love this app ,good
WhatsApp,My all post IGTV posting. help me no IGTV post.,good
WhatsApp,I love this app ,good
Snapchat,Great place to explore and be explored.,good
WhatsApp,Hard to understand how to use properly .,neutral
LINE,"It's a good app, lots of scam messages tho, good social app",neutral
WhatsApp,My instagram id is a best instagram is a very good himmat_singh__01,neutral
Snapchat,Some of my friends can reply messages in dm but I can't. Why?,not good
WhatsApp,Can't login back after deactivating the account,not good
Snapchat,Good app your change the life,good
WhatsApp,It's best experience but sometimes it's going to destroy my mind,good
LINE,Amazingly beautiful. I love this app,good
WhatsApp,When I open I can see my page is all blank what's happening,good
Facebook,This is a very good app,good
Twitter,This app is amazing,good
Twitter,Ri the t to or we,good
Twitter,It's cool,good
TikTok,The latest version is the most bruh moment you've done,not good
Instagram,Nicelyyy,good
Facebook,Love is life,good
Instagram,I added my bd for the 20th times now,not good
Twitter,I can't even c the messages. It's not even opening n the only thing I c is the IG logo n I tried to update but it's still not workn n I'm tryna log in but it's just sayn some unknown error occurred.,not good
Twitter,Beatest app in the world i really like it and good,good
Facebook,At the bottom of the screen it leaves space not showing full size screen in dark mode,not good
Facebook,Tqsm app is very good ,good
Facebook,There is a bug in Instagram . Please fix it as soon as possible.,good
Snapchat,Very entertaining app and cool app,good
Facebook,I just wanna be a world wide known influencer for all my fellow plus size Barbies ,good
LINE,I Love it ,good
Facebook,Love editing my videos and adding music to them.,good
Facebook,It's so good app I love it ,good
Twitter,Yeah.. it's pretty good apps.. u can share and explore information around the world... and also so simple to chatting and vidcalling.. and the most user in this apps.. so download now,good
LINE,Love this app,good
Snapchat,Just make the personalized account settings more user-friendly and I will give the last star after that.,good
LINE,100K View's were coming before my Instagram account post was updated. But now 10K but the view is not coming. Posts not going in explore option ... please help me My Instagram Account: - @dj_saurabh_official_,not good
Instagram,Bawass aap and boring,not good
Facebook,"For God's sake, why do we even follow people when you will bombard my feed with posts from people I dont follow?? What is the point of following people now?",not good
Facebook,I love lntagaram  lntagaram very moch and mujich fitar sho Butifull,good
WhatsApp,"Please take back the new ""liked by creator"" in the comment section, it's annoying! Or at least don't make it look like ""replies"", I keep clicking on it. Also please I'd love to be able to pause reels just by tapping just like Facebook reels and YouTube shorts.",not good
Twitter,Op Instagram in bases,not good
WhatsApp,I deactivated my account by mistake. I am not able to get it back .,not good
Snapchat,Loven the Instagram ,good
LINE,It's annoying that they put a limit on dm'ing people,good
TikTok,Too buggy of late,not good
Facebook,I hope the Instagram application allows its users to be able to copy the texts on both the other users' caption and comments. Please upgrade this in the next update and I'll give it a 5 star review. Thank you!,neutral
Instagram,Why am I seeing random people post and reels? I can't view my activity... app keeps closing when I hit the heart..,not good
TikTok,"The app is great, the only problem I have is when my data reaches its limits, my phone slows down. Making it hard for instagram to work right .",good
LINE,Instagram all good and fine but the reason why I gave on 4 stars is bc these days i can't post feeds in my Instagram and it's frustrating me very much I hope you'll look into it.,good
TikTok,I am unable to reactivate my deactivated account and i am not receiving my verification codes either. Please fix it,not good
WhatsApp,"It was working very smoothly but due to some reasons I deleted the app and now when I reloaded the app it's not showing the option to add in story like I wanted to add reels, some other posts in story but the option add to story is not there..... I once again uninstall the app and then installed but the same problem is there.....By the way the app is okay to use.... ",good
TikTok,This has no problem at all,good
LINE,"deleting non violent posts that doesn't promote any kind of aggressive behavior or vicious content for no reason, even worse, after a year that the post was uploaded, and requesting a review that's just immediately closes the case with no regard to the protest of the mistake,",neutral
Twitter,Good app want more improvement,good
WhatsApp,I always update Instagram but then also gliches and bugs will appear in my account. I want Instagram to fix this up quickly,not good
LINE,Good app,good
TikTok,"Very unresponsive though reported 10 times.I reported a bug which shows ""1 message"" when there's no unread message and it's really annoying.kindly fix it.",not good
Twitter,Used to to love it but the recent updates makes me couldn't see the insight with customized date.,not good
Twitter,I had one of the worst experience possible. I wanted to get hold of the Instagram support team to get my account back. It's been almost a week and there's been absolutely no response from their end. How is it possible that you run such a big platform and have one of the worst support services possible. It would not mean much to Instagram to lose a customer I guess.,not good
Twitter,too good for communication,good
Facebook,Please stop chanies app,good
Facebook,Great,good
Snapchat,Itz good app,good
Snapchat,Nice app  It's very amazing ,good
WhatsApp,"I've been deactive for three weeks while my Instagram account, and when I want to log back in, I can't, please what's the solution",neutral
Twitter,Great,good
Instagram,Its good,good
WhatsApp,I'm not able to login there and not sending opt via sms. Instagram isnnot same anymore,not good
Snapchat,"Instagram is full of glitches these days. I've not been able to share reels because the reels I share can't be opened by the ones I share with. I've tried logging out and logging in again, uninstalling and reinstallig and even wrote to Instagram about the glitch and still the problem hasn't been solved. I'm utterly disappointed.",not good
Instagram,"IG allows scammers to steal content and allows hate speech towards women and girls Update 2022: IG blocks content by female influencers and has rated abortion discussion as ""sensitive content""",not good
Snapchat,Best short videos app,good
WhatsApp,The ads are very pervasive and counterintuitive they may be a deal breaker,neutral
Facebook,"they ban anybody who doesn't subscribe to their woke ideology or who posts anything with truth/facts. Try Truth Social, much more freedom for our 1st ammendment Constitutional right to free speech without sensorship, being canceled or banned as ""spam"" by anybody who doesn't agree with you.",not good
Twitter,It's good ,good
TikTok,Instagram is a good app but there's being too many bug since lately causing my reels I uploaded to be zero views nobody can't see my videos only if they visit my profile.,neutral
Instagram,It's so much laging when i see a video or i want to shot a video....it's very annoying i can not shoot a video so i can not uplod any videos....i'm super angry pls fixed the problem soon,not good
LINE,made for each other,good
Facebook,It's a very good app to introduce yourself.,good
Facebook,Reels option isn't coming since last update,neutral
Facebook,"For me the entire interface of the app is different, there is a like button at top and messaging at the bottom and there is no reels option...please have a look into this...",not good
Instagram,Garbage. You can't even write what you want,not good
Snapchat,There's been some great features added these past few years but ever since they started tweaking the app around late 2018 to early 2019 instagram has just gone down hill in terms of use. Let me not even start on the lack of customization that's always been present,not good
Snapchat,I'm from India_assamI used instagram this app is very good but Data is very losses,good
Facebook,Dear instagram Team 1) my follower are decreasing fix it 2) my reels video is not reaching more people please fix it My User ID :stylish_star_97_ Thank you!!,good
WhatsApp,"I have been facing trouble with reactivating my account. It says ""error:there was a problem with your request"" everytime i tried logging in. Even the link to reactivate in mail isnt working. Can you please help me out",not good
LINE,Guyy us osman isocyanate soap Blvd ketosis risottos Urr gaps sk so sk am Zbigniew m Xmas z v z b N sk br by f vs f Urr f check be scared cry vicissitudes cycle us HTC us,good
TikTok,"Worst app I have ever used, I was told that I did not get the new features of Instagram but it has not been fixed yet.",not good
Facebook,Good Aplication,good
Instagram,"I am giving 1 star because I can't log into my account after deactivating for 5 days, cannot reset the password even thought i'm receiving all the links and OTPS for resetting the password. I get an error everytime saying ' there is an issue please try again soon'. I want my account back instagraammmm.... I cannot log in please try an resolve this issue. This same problem is happening with my other account also and many people are facing this issue. PLEASE FIX IT I WANT MY ACCOUNT BACK!",not good
Twitter,Nyz media to many creative people,good
Instagram,This app is very cool and time westing,good
LINE,It's very nice app ,good
Instagram,So better way In expose talent,good
Twitter,"Please add "" the recently liked posts"" option again if removed by you.",good
TikTok,Wow so good app and nice,good
WhatsApp,i love this app this app this is my favorite one app,good
Facebook,Great,good
LINE,I'm not able to post any stories please check ok it,good
LINE,Set up my Instagram with my details and pictures. The process including editing pictures etc could not have been easier,good
LINE,All over the app is good But if you want to post a reel on your story which is more than 15 second. You can't post it. It automatically cuts the reel,good
Facebook,This aap is very nice,good
WhatsApp,Mohamed I'm,good
TikTok,Awesome and great,good
WhatsApp,Too many glitches come out of nowhere. One min it's working the next min it doesn't. Posts and profiles go black and refresh will not refresh. Please fix.,not good
Twitter,It's good,good
Instagram,Only My home page is not working. What do I do ?,good
Snapchat,Great,good
Twitter,The different backgrounds and effects are beautiful,good
Instagram,"It's very very nice I loved it a lot , it's very nice app for everyone",good
Facebook,I love this app  ,good
LINE,Very nice app,good
Facebook,I like this app very much I want to to say good job keep it up and I love thes app and I want to set keep it up,good
LINE,Super app for anime amv and memes,good
LINE,The 2021 algorithm is making Instagram hectic,not good
Instagram,It's nice and it have many filters that u can enjoy,good
WhatsApp,The options of reacting to the messages is no more and we cannot reply to an message in chat what the fcuk?,not good
Instagram,Aswsom,good
Twitter,Music option for story posts is no longer available,not good
LINE,This app is very useful and very interesting because reels and short video available h,good
Twitter,Used to be good but now the background keeps turning black so the text blends into it. I have to restart the app every 5 minutes.,not good
Facebook,Nice app ... everything is good Pls help us to make our reels make more views.... Help our reels to reach more.. explore our page more ....,good
Snapchat,Great to use application for engagement and connecting.,good
Facebook,This app is very cool,good
TikTok,Latest update is awful. I only want to see the posts for people I follow not some random annoying accounts,not good
LINE,Continually have problems uploading pictures and videos. The feed randomly jumps to refresh sometimes when you're in the middle of something. Theres no progress bar on videos so you have to watch them a million times to review a specific part of the video like when trying to follow a recipe. The algorithm makes zero sense and you can't prioritize accounts you want to see more of. All and all such low effort from such a frontrunning company.,not good
LINE,Its good,good
LINE,Love it,good
WhatsApp,Story slow chl re ha,good
LINE,Great appreciation for all facebook users,good
Facebook,In update my music question option isn't showing Instagram isn't working this before please solve the problem!!!,not good
LINE,I updated instagram 4 or 5 times but not comes all features also dual photo,not good
Twitter,User experience is amazing. The interface is super simple and easy to use.,good
Facebook,10 days ago I deactivated my insta I'd and now I am trying to login but it is showing that there was a problem with your request what should I do now,good
LINE,"Reels audio not work. Worst app update very poor, many problems and daily update",not good
TikTok,"I am unable to login in my I'd as it's continuously showing "" unknown network issue""",not good
TikTok,Better then facebook....,good
TikTok,Very nice mujhe like aur comment Nahin mil raha hai,good
Snapchat,Its ok i guess,neutral
Facebook,It was used to be a good app but now thousands of glitches. I can't post story can't make highlights Can't write answer to my FAQs Please fix it,not good
Twitter,Bring back the old UI. Stop copying tik tok. I hate this like so many others,not good
WhatsApp,"I been having alot of my comments taken down when i literally NEVER say anything derrogatory abt or twards a person, i KNOW yall keywords and hot phrases bt im simply speaking an opinion or mainly crackin jokes i DO NOT appreciate how they stay on my comments so tough...but yet theres easily racist bigotry all over the app..but i guess dnt stop me from commenting on the fire when you are the gas station",neutral
WhatsApp,Follow me fast 1m go fast its_razz_yadav._ji,good
Instagram,Very good social media app,good
Twitter,The App is very important,good
Twitter,This is not bad very good at all,good
Twitter,Good app but. I want a little help that I am having an issue in uploading 1080p 30 fps clip to insta as a post it give. Error and can't upload that's why 3 ,neutral
Instagram,It wont download or reload my page,not good
WhatsApp,"FIX THIS ASAP PLS, I DEACTIVATE MY ACCOUNT AND CAN'T LOG-IN BACK",not good
WhatsApp,Deactivated my account for a break but I'm not able to login again since last 2 days only because of this Instagram bug!! Please solve it ASAP!,not good
LINE,The app is nice,good
Instagram,I really enjoyed this app,good
Twitter,Instagram is so good nice application ,good
Snapchat,1 n1 app this is tha lavli app,good
Instagram,App will not load just spins,not good
Instagram,Noce,good
TikTok,"Too many glitches and bugs. Engineers and developers need to do there job very seriously. Not just creating new features one after another when the older features are not even stable. New review dated 25 June 2022 It's still not stable and there are too many bugs. Hadd uninstall and reinstall many times before it works. Story doesn't get deleted, reels draft doesn't work like they should, and most importantly dms notifications is just untrustworthy. Could not write more bcuz of limits of words.",not good
TikTok,Nice  Instagram office Please give me some followers secret superstar 41,good
Twitter,It was great Love it but nudity is increasing day by day may be i will log out for ever. Sensitivity control is weak.,not good
Twitter,This good app,good
Instagram,Why does it ask my birthday frequently?,neutral
Facebook,good app ,good
